长津湖,,陈凯歌,兰晓龙,兰晓龙,7.4,剧情,历史,战争,中国大陆 ,汉语普通话 ,2021,176,电影以抗美援朝战争第二次战役中的长津湖战役为背景，讲述了一段波澜壮阔的历史：71年前，中国人民志愿军赴朝作战，在极寒严酷环境下，东线作战部队凭着钢铁意志和英勇无畏的战斗精神一路追击，奋勇杀敌，扭转了战场态势，打出了军威国威。,25845392,https://movie.douban.com/subject/25845392/,https://img9.doubanio.com/view/photo/s_ratio_poster/public/p2681329386.jpg
兰心大剧院,,娄烨,马英力,马英力,7.2,剧情,,,中国大陆,汉语普通话 ,2021,126,电影根据虹影《上海之死》及横光利一《上海》改编。  1941年。著名演员于堇返回孤岛时期的上海，表面上是为了出演她的旧爱执导的话剧《礼拜六小说》。但是她真正的目的是什么？是为了救出她的前夫？为了给盟军搜集情报？为了给养父工作？还是为了和自己的爱人一起逃离战争？她真正的使命是什么?随着她着手执行任务，敌我越来越难以分辨，一个女人的命运被时代紧紧牵引，她又如何做出改变世界格局的选择?戏里戏外，谁能幸免?,26954859,https://movie.douban.com/subject/26954859/,https://img1.doubanio.com/view/photo/s_ratio_poster/public/p2681336608.jpg
我和我的父辈,,吴京,俞白眉,俞白眉,6.5,剧情,,,中国大陆,汉语普通话,2021,156,"继2019年《我和我的祖国》、2020年《我和我的家乡》，国庆三部曲之《我和我的父辈》接棒定档2021年国庆。由吴京、章子怡、徐峥、沈腾导演，“中国电影追梦人”再次集结，以革命、建设、改革开放和新时代为历史坐标,通过“家与国”的视角描写几代父辈的奋斗经历，讲述中国人的血脉相连和精神传承，再现中国人努力拼搏的时代记忆。",35294995,https://movie.douban.com/subject/35294995/,https://img2.doubanio.com/view/photo/s_ratio_poster/public/p2683055011.jpg
盛夏未来,,陈正道,沈洋,沈洋,7.1,剧情,,,中国大陆,汉语普通话,2021,115,即将高考的陈辰（张子枫饰）因发现妈妈（郝蕾饰）与王叔叔（祖峰饰）的“外遇”而心情低落，却在这时与校园网红郑宇星（吴磊饰）因为一个谎言意外相识。两人在未解的青春里，携手面对成长的种种难题，勇敢地面对真实的自己，亦在这个夏天过去后，见证了彼此的成长和蜕变……,35158124,https://movie.douban.com/subject/35158124/,https://img1.doubanio.com/view/photo/s_ratio_poster/public/p2673420377.jpg
中国医生,,刘伟强,于勇敢,于勇敢,6.9,剧情,灾难,,中国大陆,汉语普通话,2021,129,电影根据新冠肺炎疫情防控斗争的真实事件改编，以武汉市金银潭医院为核心故事背景，同时兼顾武汉同济医院、武汉市肺科医院、武汉协和医院、武汉大学人民医院（湖北省人民医院）、火神山医院、方舱医院等兄弟单位，以武汉医护人员、全国各省市援鄂医疗队为人物原型，全景式记录波澜壮阔、艰苦卓绝的抗疫斗争。,35087699,https://movie.douban.com/subject/35087699/,https://img9.doubanio.com/view/photo/s_ratio_poster/public/p2666591984.jpg
哪吒之魔童降世,,饺子,饺子,饺子,8.4,剧情,喜剧,动画,中国大陆,汉语普通话,2019,110,天地灵气孕育出一颗能量巨大的混元珠，元始天尊将混元珠提炼成灵珠和魔丸，灵珠投胎为人，助周伐纣时可堪大用；而魔丸则会诞出魔王，为祸人间。元始天尊启动了天劫咒语，3年后天雷将会降临，摧毁魔丸。太乙受命将灵珠托生于陈塘关李靖家的儿子哪吒身上。然而阴差阳错，灵珠和魔丸竟然被掉包。本应是灵珠英雄的哪吒却成了混世大魔王。调皮捣蛋顽劣不堪的哪吒却徒有一颗做英雄的心。然而面对众人对魔丸的误解和即将来临的天雷的降临，哪吒是否命中注定会立地成魔？他将何去何从？,26794435,https://movie.douban.com/subject/26794435/,https://img9.doubanio.com/view/photo/s_ratio_poster/public/p2563780504.jpg
你好，李焕英,,贾玲,贾玲,贾玲,7.7,剧情,喜剧,奇幻,中国大陆,汉语普通话,2021,128,2001年的某一天，刚刚考上大学的贾晓玲（贾玲饰）经历了人生中的一次大起大落。一心想要成为母亲骄傲的她却因母亲突遭严重意外，而悲痛万分。在贾晓玲情绪崩溃的状态下，竟意外的回到了1981年，并与年轻的母亲李焕英（张小斐饰）相遇，二人形影不离，宛如闺蜜。与此同时，也结识了一群天真善良的好朋友。晓玲以为来到了这片“广阔天地”，她可以凭借自己超前的思维，让母亲“大有作为”，但结果却让晓玲感到意外......,34841067,https://movie.douban.com/subject/34841067/,https://img1.doubanio.com/view/photo/s_ratio_poster/public/p2629056068.jpg
绿皮书,Green Book,彼得·法雷里,尼克·瓦莱隆加,尼克·瓦莱隆加,8.9,剧情,喜剧,音乐,美国 ,英语 ,2019,130,托尼（维果·莫腾森ViggoMortensen饰）是一个吊儿郎当游手好闲的混混，在一家夜总会做侍者。这间夜总会因故要停业几个月，可托尼所要支付的房租和生活费不会因此取消，所以他的当务之急是去寻找另一份工作来填补这几个月的空缺。在这个节骨眼上，一位名叫唐雪莉（马赫沙拉·阿里MahershalaAli饰）的黑人钢琴家提出雇佣托尼。  唐雪莉即将开始为期八个星期的南下巡回演出，可是，那个时候南方对黑人的歧视非常的严重，于是托尼便成为了唐雪莉的司机兼保镖。一路上，两人迥异的性格使得他们之间产生了很多的矛盾，与此同时，唐雪莉在南方所遭受的种种不公平的对待也让托尼对种族歧视感到深恶痛绝。,27060077,https://movie.douban.com/subject/27060077/,https://img2.doubanio.com/view/photo/s_ratio_poster/public/p2549177902.jpg
霸王别姬,,陈凯歌,芦苇,芦苇,9.6,剧情,爱情,同性,中国大陆 ,汉语普通话,1993,171,段小楼（张丰毅）与程蝶衣（张国荣）是一对打小一起长大的师兄弟，两人一个演生，一个饰旦，一向配合天衣无缝，尤其一出《霸王别姬》，更是誉满京城，为此，两人约定合演一辈子《霸王别姬》。但两人对戏剧与人生关系的理解有本质不同，段小楼深知戏非人生，程蝶衣则是人戏不分。  段小楼在认为该成家立业之时迎娶了名妓菊仙（巩俐），致使程蝶衣认定菊仙是可耻的第三者，使段小楼做了叛徒，自此，三人围绕一出《霸王别姬》生出的爱恨情仇战开始随着时代风云的变迁不断升级，终酿成悲剧。,1291546,https://movie.douban.com/subject/1291546/,https://img3.doubanio.com/view/photo/s_ratio_poster/public/p2561716440.jpg
让子弹飞,,姜文,朱苏进,朱苏进,8.9,剧情,喜剧,动作,中国大陆 ,汉语普通话 ,2010,132,民国年间，花钱捐得县长的马邦德（葛优饰）携妻（刘嘉玲饰）及随从走马上任。途经南国某地，遭劫匪张麻子（姜文饰）一伙伏击，随从尽死，只夫妻二人侥幸活命。马为保命，谎称自己是县长的汤师爷。为汤师爷许下的财富所动，张麻子摇身一变化身县长，带着手下赶赴鹅城上任。有道是天高皇帝远，鹅城地处偏僻，一方霸主黄四郎（周润发饰）只手遮天，全然不将这个新来的县长放在眼里。张麻子痛打了黄的武教头（姜武饰），黄则设计害死张的义子小六（张默饰）。原本只想赚钱的马邦德，怎么也想不到竟会被卷入这场土匪和恶霸的角力之中。鹅城上空愁云密布，血雨腥风在所难免……  本片根据马识途的小说《夜谭十记》中的《盗官记》一章改编。,3742360,https://movie.douban.com/subject/3742360/,https://img1.doubanio.com/view/photo/s_ratio_poster/public/p1512562287.jpg
少年的你,,曾国祥,林咏琛,林咏琛,8.2,剧情,爱情,犯罪,中国大陆 ,汉语普通话,2019,135,陈念（周冬雨饰）是一名即将参加高考的高三学生，同校女生胡晓蝶（张艺凡饰）的跳楼自杀让她的生活陷入了困顿之中。胡晓蝶死后，陈念遭到了以魏莱（周也饰）为首的三人组的霸凌，魏莱虽然表面上看来是乖巧的优等生，实际上却心思毒辣，胡晓蝶的死和她有着千丝万缕的联系。  一次偶然中，陈念邂逅了名为小北（易烊千玺饰）的小混混，随着时间的推移，心心相惜的两人之间产生了真挚的感情。小北答应陈念在暗中保护她免受魏莱的欺凌，没想到这一决定引发了一连串的连锁反应。负责调查胡晓蝶死因的警官郑易（尹昉饰）隐隐察觉到校园里的古怪气氛，可他的调查却屡屡遭到校方的阻挠。,30166972,https://movie.douban.com/subject/30166972/,https://img2.doubanio.com/view/photo/s_ratio_poster/public/p2572166063.jpg
我和我的祖国,,陈凯歌,文宁,文宁,7.6,剧情,,,中国大陆,汉语普通话,2019,155,七位导演分别取材新中国成立70周年以来，祖国经历的无数个历史性经典瞬间。讲述普通人与国家之间息息相关密不可分的动人故事。聚焦大时代大事件下，小人物和国家之间，看似遥远实则密切的关联，唤醒全球华人共同回忆。,32659890,https://movie.douban.com/subject/32659890/,https://img3.doubanio.com/view/photo/s_ratio_poster/public/p2567998580.jpg
八佰,,管虎,管虎,管虎,7.5,剧情,历史,战争,中国大陆,汉语普通话 ,2020,147,1937年淞沪会战的最后一役，“八百壮士”奉命坚守上海四行仓库，以少敌多顽强抵抗四天四夜。电影《八佰》由管虎导演，是亚洲首部全片使用IMAX摄影机拍摄的商业电影，将于2020年8月21日全国影院上映。,26754233,https://movie.douban.com/subject/26754233/,https://img9.doubanio.com/view/photo/s_ratio_poster/public/p2615992304.jpg
我和我的家乡,,宁浩,刘吾驷,刘吾驷,7.0,剧情,喜剧,,中国大陆,汉语普通话,2020,153,电影《我和我的家乡》定档2020年国庆，延续《我和我的祖国》集体创作的方式，由张艺谋担当总监制，宁浩担任总导演，张一白担任总策划，宁浩、徐峥、陈思诚、闫非&彭大魔、邓超&俞白眉分别执导五个故事。,35051512,https://movie.douban.com/subject/35051512/,https://img2.doubanio.com/view/photo/s_ratio_poster/public/p2620453443.jpg
驴得水,,周申,周申,周申,8.3,剧情,喜剧,,中国大陆,汉语普通话,2016,111,一群“品行不端”却怀揣教育梦想的大学教师，从大城市来到偏远乡村开办了一所小学校。学校待遇惨淡、生活艰苦，但老师们都自得其乐，每天嘻嘻哈哈打成一片。然而教育部特派员要来突击检查的消息打破了安宁，因为学校有一位“驴得水老师”隐藏着不可告人的秘密。就在所有人都担心丑事即将败露的时候，一个神奇天才的出现拯救了大家，然而谁能料到真正的麻烦才刚刚开始……,25921812,https://movie.douban.com/subject/25921812/,https://img2.doubanio.com/view/photo/s_ratio_poster/public/p2393044761.jpg
无名之辈,,饶晓志,饶晓志,饶晓志,8.0,剧情,喜剧,,中国大陆,汉语普通话 ,2018,108,来自乡村的笨贼眼镜（章宇饰）和大头（潘斌龙饰）抢了一家手机店，慌乱之中逃进坐着轮椅的单身女子嘉旗（任素汐饰）的家中。嘉旗早已失去活着的欲望，她强横地要求俩笨贼杀死自己。另一边，某楼盘老板资金链断裂跑路，留下保安马先勇（陈建斌饰）与讨债者周旋。马曾经是立功无数的协警，可就在转正的关头因为一场车祸毁了原本看似美好的一切。不久前他挖到一把喷子，原本打算交给当初的警察好友立功，却发现喷子被换成了水枪。而成为了新闻的手机抢劫案，让马先勇意识到喷子正在劫匪的手上。  漫长的一天，所有与之相关的老老少少都在纠结煎熬。他们是渺小的无名之辈，却真真切切感受到来自命运的重压……,27110296,https://movie.douban.com/subject/27110296/,https://img9.doubanio.com/view/photo/s_ratio_poster/public/p2539661066.jpg
末代皇帝,The Last Emperor,贝纳尔多·贝托鲁奇,贝纳尔多·贝托鲁奇,贝纳尔多·贝托鲁奇,9.3,剧情,传记,历史,英国 ,英语 ,1987,163,溥仪（尊龙饰）的一生在电影中娓娓道来。他从三岁起登基，年幼的眼光中只有大臣身上的一只蝈蝈，江山在他心中只是一个不明所以的名词。长大了，他以为可以变革，却被太监一把火烧了朝廷账本。他以为自己是大清江山的主人，却做了日本人的傀儡。  解放后，他坐上了从苏联回来的火车，身边是押送监视他的解放军。他猜测自己难逃一死，便躲在狭小的卫生间里，割脉自杀。然而他没有死在火车上，命运的嘲笑还在等着他。文革的风风雨雨，在他身上留下了斑斑伤痕。,1293172,https://movie.douban.com/subject/1293172/,https://img2.doubanio.com/view/photo/s_ratio_poster/public/p452089833.jpg
一出好戏,,黄渤,黄渤,黄渤,7.1,剧情,喜剧,,中国大陆,汉语普通话,2018,134,马进欠下债务，与远房表弟小兴在底层社会摸爬滚打，习惯性的买彩票，企图一夜暴富，并迎娶自己的同事姗姗。一日，公司全体员工出海团建，途中，马进收到了彩票中头奖的信息，六千万！就在马进狂喜自己翻身的日子终于到来之际，一场突如其来的滔天巨浪打破了一切。苏醒过来的众人发现身处荒岛，丧失了一切与外界的联系……,26985127,https://movie.douban.com/subject/26985127/,https://img2.doubanio.com/view/photo/s_ratio_poster/public/p2529571873.jpg
中国机长,,刘伟强,于勇敢,于勇敢,6.6,剧情,传记,灾难,中国大陆,汉语普通话 ,2019,111,根据2018年5月14日四川航空3U8633航班机组成功处置特情真实事件改编。机组执行航班任务时，在万米高空突遇驾驶舱风挡玻璃爆裂脱落、座舱释压的极端罕见险情，生死关头，他们临危不乱、果断应对、正确处置，确保了机上全部人员的生命安全，创造了世界民航史上的奇迹。,30295905,https://movie.douban.com/subject/30295905/,https://img2.doubanio.com/view/photo/s_ratio_poster/public/p2568258113.jpg
悬崖之上,,张艺谋,全勇先,全勇先,7.6,剧情,动作,悬疑,中国大陆 ,汉语普通话 ,2021,120,上世纪三十年代，四位曾在苏联接受特训的共产党特工组成任务小队，回国执行代号为“乌特拉”的秘密行动。由于叛徒的出卖，他们从跳伞降落的第一刻起，就已置身于敌人布下的罗网之中。同志能否脱身，任务能否完成，雪一直下，立于“悬崖之上”的行动小组面临严峻考验。,32493124,https://movie.douban.com/subject/32493124/,https://img9.doubanio.com/view/photo/s_ratio_poster/public/p2636475385.jpg
